fabric_moderate_001_new	1
fabric_moderate_002_new	2
fabric_moderate_003_new	3
fabric_moderate_004_new	4
fabric_moderate_005_new	5
fabric_moderate_006_new	6
fabric_moderate_007_new	7
fabric_moderate_008_new	8
fabric_moderate_009_new	9
fabric_moderate_010_new	10
fabric_moderate_011_new	11
fabric_moderate_012_new	12
fabric_moderate_013_new	13
fabric_moderate_014_new	14
fabric_moderate_015_new	15
fabric_moderate_016_new	16
fabric_moderate_017_new	17
fabric_moderate_018_new	18
fabric_moderate_019_new	19
fabric_moderate_020_new	20
fabric_moderate_021_new	21
fabric_moderate_022_new	22
fabric_moderate_023_new	23
fabric_moderate_024_new	24
fabric_moderate_025_new	25
fabric_moderate_026_new	26
fabric_moderate_027_new	27
fabric_moderate_028_new	28
fabric_moderate_029_new	29
fabric_moderate_030_new	30
fabric_moderate_031_new	31
fabric_moderate_032_new	32
fabric_moderate_033_new	33
fabric_moderate_034_new	34
fabric_moderate_035_new	35
fabric_moderate_036_new	36
fabric_moderate_037_new	37
fabric_moderate_038_new	38
fabric_moderate_039_new	39
fabric_moderate_040_new	40
fabric_moderate_041_new	41
fabric_moderate_042_new	42
fabric_moderate_043_new	43
fabric_moderate_044_new	44
fabric_moderate_045_new	45
fabric_moderate_046_new	46
fabric_moderate_047_new	47
fabric_moderate_048_new	48
fabric_moderate_049_new	49
fabric_moderate_050_new	50
fabric_object_001_new	51
fabric_object_002_new	52
fabric_object_003_new	53
fabric_object_004_new	54
fabric_object_005_new	55
fabric_object_006_new	56
fabric_object_007_new	57
fabric_object_008_new	58
fabric_object_009_new	59
fabric_object_010_new	60
fabric_object_011_new	61
fabric_object_012_new	62
fabric_object_013_new	63
fabric_object_014_new	64
fabric_object_015_new	65
fabric_object_016_new	66
fabric_object_017_new	67
fabric_object_018_new	68
fabric_object_019_new	69
fabric_object_020_new	70
fabric_object_021_new	71
fabric_object_022_new	72
fabric_object_023_new	73
fabric_object_024_new	74
fabric_object_025_new	75
fabric_object_026_new	76
fabric_object_027_new	77
fabric_object_028_new	78
fabric_object_029_new	79
fabric_object_030_new	80
fabric_object_031_new	81
fabric_object_032_new	82
fabric_object_033_new	83
fabric_object_034_new	84
fabric_object_035_new	85
fabric_object_036_new	86
fabric_object_037_new	87
fabric_object_038_new	88
fabric_object_039_new	89
fabric_object_040_new	90
fabric_object_041_new	91
fabric_object_042_new	92
fabric_object_043_new	93
fabric_object_044_new	94
fabric_object_045_new	95
fabric_object_046_new	96
fabric_object_047_new	97
fabric_object_048_new	98
fabric_object_049_new	99
fabric_object_050_new	100
foliage_final_001_new	101
foliage_final_002_new	102
foliage_final_003_new	103
foliage_final_004_new	104
foliage_final_005_new	105
foliage_final_006_new	106
foliage_final_007_new	107
foliage_final_008_new	108
foliage_final_009_new	109
foliage_final_010_new	110
foliage_final_011_new	111
foliage_final_012_new	112
foliage_final_013_new	113
foliage_final_014_new	114
foliage_final_015_new	115
foliage_final_016_new	116
foliage_final_017_new	117
foliage_final_018_new	118
foliage_final_019_new	119
foliage_final_020_new	120
foliage_final_021_new	121
foliage_final_022_new	122
foliage_final_023_new	123
foliage_final_024_new	124
foliage_final_025_new	125
foliage_final_026_new	126
foliage_final_027_new	127
foliage_final_028_new	128
foliage_final_029_new	129
foliage_final_030_new	130
foliage_final_031_new	131
foliage_final_032_new	132
foliage_final_033_new	133
foliage_final_034_new	134
foliage_final_035_new	135
foliage_final_036_new	136
foliage_final_037_new	137
foliage_final_038_new	138
foliage_final_039_new	139
foliage_final_040_new	140
foliage_final_041_new	141
foliage_final_042_new	142
foliage_final_043_new	143
foliage_final_044_new	144
foliage_final_045_new	145
foliage_final_046_new	146
foliage_final_047_new	147
foliage_final_048_new	148
foliage_final_049_new	149
foliage_final_050_new	150
foliage_final_051_new	151
foliage_final_052_new	152
foliage_final_053_new	153
foliage_final_054_new	154
foliage_final_055_new	155
foliage_final_056_new	156
foliage_final_057_new	157
foliage_final_058_new	158
foliage_final_059_new	159
foliage_final_060_new	160
foliage_final_061_new	161
foliage_final_062_new	162
foliage_final_063_new	163
foliage_final_064_new	164
foliage_final_065_new	165
foliage_final_066_new	166
foliage_final_067_new	167
foliage_final_068_new	168
foliage_final_069_new	169
foliage_final_070_new	170
foliage_final_071_new	171
foliage_final_072_new	172
foliage_final_073_new	173
foliage_final_074_new	174
foliage_final_075_new	175
foliage_final_076_new	176
foliage_final_077_new	177
foliage_final_078_new	178
foliage_final_079_new	179
foliage_final_080_new	180
foliage_final_081_new	181
foliage_final_082_new	182
foliage_final_083_new	183
foliage_final_084_new	184
foliage_final_085_new	185
foliage_final_086_new	186
foliage_final_087_new	187
foliage_final_088_new	188
foliage_final_089_new	189
foliage_final_090_new	190
foliage_final_091_new	191
foliage_final_092_new	192
foliage_final_093_new	193
foliage_final_094_new	194
foliage_final_095_new	195
foliage_final_096_new	196
foliage_final_097_new	197
foliage_final_098_new	198
foliage_final_099_new	199
foliage_final_100_new	200
glass_moderate_001_new	201
glass_moderate_002_new	202
glass_moderate_003_new	203
glass_moderate_004_new	204
glass_moderate_005_new	205
glass_moderate_006_new	206
glass_moderate_007_new	207
glass_moderate_008_new	208
glass_moderate_009_new	209
glass_moderate_010_new	210
glass_moderate_011_new	211
glass_moderate_012_new	212
glass_moderate_013_new	213
glass_moderate_014_new	214
glass_moderate_015_new	215
glass_moderate_016_new	216
glass_moderate_017_new	217
glass_moderate_018_new	218
glass_moderate_019_new	219
glass_moderate_020_new	220
glass_moderate_021_new	221
glass_moderate_022_new	222
glass_moderate_023_new	223
glass_moderate_024_new	224
glass_moderate_025_new	225
glass_moderate_026_new	226
glass_moderate_027_new	227
glass_moderate_028_new	228
glass_moderate_029_new	229
glass_moderate_030_new	230
glass_moderate_031_new	231
glass_moderate_032_new	232
glass_moderate_033_new	233
glass_moderate_034_new	234
glass_moderate_035_new	235
glass_moderate_036_new	236
glass_moderate_037_new	237
glass_moderate_038_new	238
glass_moderate_039_new	239
glass_moderate_040_new	240
glass_moderate_041_new	241
glass_moderate_042_new	242
glass_moderate_043_new	243
glass_moderate_044_new	244
glass_moderate_045_new	245
glass_moderate_046_new	246
glass_moderate_047_new	247
glass_moderate_048_new	248
glass_moderate_049_new	249
glass_moderate_050_new	250
glass_object_001_new	251
glass_object_002_new	252
glass_object_003_new	253
glass_object_004_new	254
glass_object_005_new	255
glass_object_006_new	256
glass_object_007_new	257
glass_object_008_new	258
glass_object_009_new	259
glass_object_010_new	260
glass_object_011_new	261
glass_object_012_new	262
glass_object_013_new	263
glass_object_014_new	264
glass_object_015_new	265
glass_object_016_new	266
glass_object_017_new	267
glass_object_018_new	268
glass_object_019_new	269
glass_object_020_new	270
glass_object_021_new	271
glass_object_022_new	272
glass_object_023_new	273
glass_object_024_new	274
glass_object_025_new	275
glass_object_026_new	276
glass_object_027_new	277
glass_object_028_new	278
glass_object_029_new	279
glass_object_030_new	280
glass_object_031_new	281
glass_object_032_new	282
glass_object_033_new	283
glass_object_034_new	284
glass_object_035_new	285
glass_object_036_new	286
glass_object_037_new	287
glass_object_038_new	288
glass_object_039_new	289
glass_object_040_new	290
glass_object_041_new	291
glass_object_042_new	292
glass_object_043_new	293
glass_object_044_new	294
glass_object_045_new	295
glass_object_046_new	296
glass_object_047_new	297
glass_object_048_new	298
glass_object_049_new	299
glass_object_050_new	300
leather_moderate_001_new	301
leather_moderate_002_new	302
leather_moderate_003_new	303
leather_moderate_004_new	304
leather_moderate_005_new	305
leather_moderate_006_new	306
leather_moderate_007_new	307
leather_moderate_008_new	308
leather_moderate_009_new	309
leather_moderate_010_new	310
leather_moderate_011_new	311
leather_moderate_012_new	312
leather_moderate_013_new	313
leather_moderate_014_new	314
leather_moderate_015_new	315
leather_moderate_016_new	316
leather_moderate_017_new	317
leather_moderate_018_new	318
leather_moderate_019_new	319
leather_moderate_020_new	320
leather_moderate_021_new	321
leather_moderate_022_new	322
leather_moderate_023_new	323
leather_moderate_024_new	324
leather_moderate_025_new	325
leather_moderate_026_new	326
leather_moderate_027_new	327
leather_moderate_028_new	328
leather_moderate_029_new	329
leather_moderate_030_new	330
leather_moderate_031_new	331
leather_moderate_032_new	332
leather_moderate_033_new	333
leather_moderate_034_new	334
leather_moderate_035_new	335
leather_moderate_036_new	336
leather_moderate_037_new	337
leather_moderate_038_new	338
leather_moderate_039_new	339
leather_moderate_040_new	340
leather_moderate_041_new	341
leather_moderate_042_new	342
leather_moderate_043_new	343
leather_moderate_044_new	344
leather_moderate_045_new	345
leather_moderate_046_new	346
leather_moderate_047_new	347
leather_moderate_048_new	348
leather_moderate_049_new	349
leather_moderate_050_new	350
leather_object_001_new	351
leather_object_002_new	352
leather_object_003_new	353
leather_object_004_new	354
leather_object_005_new	355
leather_object_006_new	356
leather_object_007_new	357
leather_object_008_new	358
leather_object_009_new	359
leather_object_010_new	360
leather_object_011_new	361
leather_object_012_new	362
leather_object_013_new	363
leather_object_014_new	364
leather_object_015_new	365
leather_object_016_new	366
leather_object_017_new	367
leather_object_018_new	368
leather_object_019_new	369
leather_object_020_new	370
leather_object_021_new	371
leather_object_022_new	372
leather_object_023_new	373
leather_object_024_new	374
leather_object_025_new	375
leather_object_026_new	376
leather_object_027_new	377
leather_object_028_new	378
leather_object_029_new	379
leather_object_030_new	380
leather_object_031_new	381
leather_object_032_new	382
leather_object_033_new	383
leather_object_034_new	384
leather_object_035_new	385
leather_object_036_new	386
leather_object_037_new	387
leather_object_038_new	388
leather_object_039_new	389
leather_object_040_new	390
leather_object_041_new	391
leather_object_042_new	392
leather_object_043_new	393
leather_object_044_new	394
leather_object_045_new	395
leather_object_046_new	396
leather_object_047_new	397
leather_object_048_new	398
leather_object_049_new	399
leather_object_050_new	400
metal_moderate_001_new	401
metal_moderate_002_new	402
metal_moderate_003_new	403
metal_moderate_004_new	404
metal_moderate_005_new	405
metal_moderate_006_new	406
metal_moderate_007_new	407
metal_moderate_008_new	408
metal_moderate_009_new	409
metal_moderate_010_new	410
metal_moderate_011_new	411
metal_moderate_012_new	412
metal_moderate_013_new	413
metal_moderate_014_new	414
metal_moderate_015_new	415
metal_moderate_016_new	416
metal_moderate_017_new	417
metal_moderate_018_new	418
metal_moderate_019_new	419
metal_moderate_020_new	420
metal_moderate_021_new	421
metal_moderate_022_new	422
metal_moderate_023_new	423
metal_moderate_024_new	424
metal_moderate_025_new	425
metal_moderate_026_new	426
metal_moderate_027_new	427
metal_moderate_028_new	428
metal_moderate_029_new	429
metal_moderate_030_new	430
metal_moderate_031_new	431
metal_moderate_032_new	432
metal_moderate_033_new	433
metal_moderate_034_new	434
metal_moderate_035_new	435
metal_moderate_036_new	436
metal_moderate_037_new	437
metal_moderate_038_new	438
metal_moderate_039_new	439
metal_moderate_040_new	440
metal_moderate_041_new	441
metal_moderate_042_new	442
metal_moderate_043_new	443
metal_moderate_044_new	444
metal_moderate_045_new	445
metal_moderate_046_new	446
metal_moderate_047_new	447
metal_moderate_048_new	448
metal_moderate_049_new	449
metal_moderate_050_new	450
metal_object_001_new	451
metal_object_002_new	452
metal_object_003_new	453
metal_object_004_new	454
metal_object_005_new	455
metal_object_006_new	456
metal_object_007_new	457
metal_object_008_new	458
metal_object_009_new	459
metal_object_010_new	460
metal_object_011_new	461
metal_object_012_new	462
metal_object_013_new	463
metal_object_014_new	464
metal_object_015_new	465
metal_object_016_new	466
metal_object_017_new	467
metal_object_018_new	468
metal_object_019_new	469
metal_object_020_new	470
metal_object_021_new	471
metal_object_022_new	472
metal_object_023_new	473
metal_object_024_new	474
metal_object_025_new	475
metal_object_026_new	476
metal_object_027_new	477
metal_object_028_new	478
metal_object_029_new	479
metal_object_030_new	480
metal_object_031_new	481
metal_object_032_new	482
metal_object_033_new	483
metal_object_034_new	484
metal_object_035_new	485
metal_object_036_new	486
metal_object_037_new	487
metal_object_038_new	488
metal_object_039_new	489
metal_object_040_new	490
metal_object_041_new	491
metal_object_042_new	492
metal_object_043_new	493
metal_object_044_new	494
metal_object_045_new	495
metal_object_046_new	496
metal_object_047_new	497
metal_object_048_new	498
metal_object_049_new	499
metal_object_050_new	500
paper_moderate_001_new	501
paper_moderate_002_new	502
paper_moderate_003_new	503
paper_moderate_004_new	504
paper_moderate_005_new	505
paper_moderate_006_new	506
paper_moderate_007_new	507
paper_moderate_008_new	508
paper_moderate_009_new	509
paper_moderate_010_new	510
paper_moderate_011_new	511
paper_moderate_012_new	512
paper_moderate_013_new	513
paper_moderate_014_new	514
paper_moderate_015_new	515
paper_moderate_016_new	516
paper_moderate_017_new	517
paper_moderate_018_new	518
paper_moderate_019_new	519
paper_moderate_020_new	520
paper_moderate_021_new	521
paper_moderate_022_new	522
paper_moderate_023_new	523
paper_moderate_024_new	524
paper_moderate_025_new	525
paper_moderate_026_new	526
paper_moderate_027_new	527
paper_moderate_028_new	528
paper_moderate_029_new	529
paper_moderate_030_new	530
paper_moderate_031_new	531
paper_moderate_032_new	532
paper_moderate_033_new	533
paper_moderate_034_new	534
paper_moderate_035_new	535
paper_moderate_036_new	536
paper_moderate_037_new	537
paper_moderate_038_new	538
paper_moderate_039_new	539
paper_moderate_040_new	540
paper_moderate_041_new	541
paper_moderate_042_new	542
paper_moderate_043_new	543
paper_moderate_044_new	544
paper_moderate_045_new	545
paper_moderate_046_new	546
paper_moderate_047_new	547
paper_moderate_048_new	548
paper_moderate_049_new	549
paper_moderate_050_new	550
paper_object_001_new	551
paper_object_002_new	552
paper_object_003_new	553
paper_object_004_new	554
paper_object_005_new	555
paper_object_006_new	556
paper_object_007_new	557
paper_object_008_new	558
paper_object_009_new	559
paper_object_010_new	560
paper_object_011_new	561
paper_object_012_new	562
paper_object_013_new	563
paper_object_014_new	564
paper_object_015_new	565
paper_object_016_new	566
paper_object_017_new	567
paper_object_018_new	568
paper_object_019_new	569
paper_object_020_new	570
paper_object_021_new	571
paper_object_022_new	572
paper_object_023_new	573
paper_object_024_new	574
paper_object_025_new	575
paper_object_026_new	576
paper_object_027_new	577
paper_object_028_new	578
paper_object_029_new	579
paper_object_030_new	580
paper_object_031_new	581
paper_object_032_new	582
paper_object_033_new	583
paper_object_034_new	584
paper_object_035_new	585
paper_object_036_new	586
paper_object_037_new	587
paper_object_038_new	588
paper_object_039_new	589
paper_object_040_new	590
paper_object_041_new	591
paper_object_042_new	592
paper_object_043_new	593
paper_object_044_new	594
paper_object_045_new	595
paper_object_046_new	596
paper_object_047_new	597
paper_object_048_new	598
paper_object_049_new	599
paper_object_050_new	600
plastic_moderate_001_new	601
plastic_moderate_002_new	602
plastic_moderate_003_new	603
plastic_moderate_004_new	604
plastic_moderate_005_new	605
plastic_moderate_006_new	606
plastic_moderate_007_new	607
plastic_moderate_008_new	608
plastic_moderate_009_new	609
plastic_moderate_010_new	610
plastic_moderate_011_new	611
plastic_moderate_012_new	612
plastic_moderate_013_new	613
plastic_moderate_014_new	614
plastic_moderate_015_new	615
plastic_moderate_016_new	616
plastic_moderate_017_new	617
plastic_moderate_018_new	618
plastic_moderate_019_new	619
plastic_moderate_020_new	620
plastic_moderate_021_new	621
plastic_moderate_022_new	622
plastic_moderate_023_new	623
plastic_moderate_024_new	624
plastic_moderate_025_new	625
plastic_moderate_026_new	626
plastic_moderate_027_new	627
plastic_moderate_028_new	628
plastic_moderate_029_new	629
plastic_moderate_030_new	630
plastic_moderate_031_new	631
plastic_moderate_032_new	632
plastic_moderate_033_new	633
plastic_moderate_034_new	634
plastic_moderate_035_new	635
plastic_moderate_036_new	636
plastic_moderate_037_new	637
plastic_moderate_038_new	638
plastic_moderate_039_new	639
plastic_moderate_040_new	640
plastic_moderate_041_new	641
plastic_moderate_042_new	642
plastic_moderate_043_new	643
plastic_moderate_044_new	644
plastic_moderate_045_new	645
plastic_moderate_046_new	646
plastic_moderate_047_new	647
plastic_moderate_048_new	648
plastic_moderate_049_new	649
plastic_moderate_050_new	650
plastic_object_001_new	651
plastic_object_002_new	652
plastic_object_003_new	653
plastic_object_004_new	654
plastic_object_005_new	655
plastic_object_006_new	656
plastic_object_007_new	657
plastic_object_008_new	658
plastic_object_009_new	659
plastic_object_010_new	660
plastic_object_011_new	661
plastic_object_012_new	662
plastic_object_013_new	663
plastic_object_014_new	664
plastic_object_015_new	665
plastic_object_016_new	666
plastic_object_017_new	667
plastic_object_018_new	668
plastic_object_019_new	669
plastic_object_020_new	670
plastic_object_021_new	671
plastic_object_022_new	672
plastic_object_023_new	673
plastic_object_024_new	674
plastic_object_025_new	675
plastic_object_026_new	676
plastic_object_027_new	677
plastic_object_028_new	678
plastic_object_029_new	679
plastic_object_030_new	680
plastic_object_031_new	681
plastic_object_032_new	682
plastic_object_033_new	683
plastic_object_034_new	684
plastic_object_035_new	685
plastic_object_036_new	686
plastic_object_037_new	687
plastic_object_038_new	688
plastic_object_039_new	689
plastic_object_040_new	690
plastic_object_041_new	691
plastic_object_042_new	692
plastic_object_043_new	693
plastic_object_044_new	694
plastic_object_045_new	695
plastic_object_046_new	696
plastic_object_047_new	697
plastic_object_048_new	698
plastic_object_049_new	699
plastic_object_050_new	700
stone_moderate_001_new	701
stone_moderate_002_new	702
stone_moderate_003_new	703
stone_moderate_004_new	704
stone_moderate_005_new	705
stone_moderate_006_new	706
stone_moderate_007_new	707
stone_moderate_008_new	708
stone_moderate_009_new	709
stone_moderate_010_new	710
stone_moderate_011_new	711
stone_moderate_012_new	712
stone_moderate_013_new	713
stone_moderate_014_new	714
stone_moderate_015_new	715
stone_moderate_016_new	716
stone_moderate_017_new	717
stone_moderate_018_new	718
stone_moderate_019_new	719
stone_moderate_020_new	720
stone_moderate_021_new	721
stone_moderate_022_new	722
stone_moderate_023_new	723
stone_moderate_024_new	724
stone_moderate_025_new	725
stone_moderate_026_new	726
stone_moderate_027_new	727
stone_moderate_028_new	728
stone_moderate_029_new	729
stone_moderate_030_new	730
stone_moderate_031_new	731
stone_moderate_032_new	732
stone_moderate_033_new	733
stone_moderate_034_new	734
stone_moderate_035_new	735
stone_moderate_036_new	736
stone_moderate_037_new	737
stone_moderate_038_new	738
stone_moderate_039_new	739
stone_moderate_040_new	740
stone_moderate_041_new	741
stone_moderate_042_new	742
stone_moderate_043_new	743
stone_moderate_044_new	744
stone_moderate_045_new	745
stone_moderate_046_new	746
stone_moderate_047_new	747
stone_moderate_048_new	748
stone_moderate_049_new	749
stone_moderate_050_new	750
stone_object_001_new	751
stone_object_002_new	752
stone_object_003_new	753
stone_object_004_new	754
stone_object_005_new	755
stone_object_006_new	756
stone_object_007_new	757
stone_object_008_new	758
stone_object_009_new	759
stone_object_010_new	760
stone_object_011_new	761
stone_object_012_new	762
stone_object_013_new	763
stone_object_014_new	764
stone_object_015_new	765
stone_object_016_new	766
stone_object_017_new	767
stone_object_018_new	768
stone_object_019_new	769
stone_object_020_new	770
stone_object_021_new	771
stone_object_022_new	772
stone_object_023_new	773
stone_object_024_new	774
stone_object_025_new	775
stone_object_026_new	776
stone_object_027_new	777
stone_object_028_new	778
stone_object_029_new	779
stone_object_030_new	780
stone_object_031_new	781
stone_object_032_new	782
stone_object_033_new	783
stone_object_034_new	784
stone_object_035_new	785
stone_object_036_new	786
stone_object_037_new	787
stone_object_038_new	788
stone_object_039_new	789
stone_object_040_new	790
stone_object_041_new	791
stone_object_042_new	792
stone_object_043_new	793
stone_object_044_new	794
stone_object_045_new	795
stone_object_046_new	796
stone_object_047_new	797
stone_object_048_new	798
stone_object_049_new	799
stone_object_050_new	800
water_moderate_001_new	801
water_moderate_002_new	802
water_moderate_003_new	803
water_moderate_004_new	804
water_moderate_005_new	805
water_moderate_006_new	806
water_moderate_007_new	807
water_moderate_008_new	808
water_moderate_009_new	809
water_moderate_010_new	810
water_moderate_011_new	811
water_moderate_012_new	812
water_moderate_013_new	813
water_moderate_014_new	814
water_moderate_015_new	815
water_moderate_016_new	816
water_moderate_017_new	817
water_moderate_018_new	818
water_moderate_019_new	819
water_moderate_020_new	820
water_moderate_021_new	821
water_moderate_022_new	822
water_moderate_023_new	823
water_moderate_024_new	824
water_moderate_025_new	825
water_moderate_026_new	826
water_moderate_027_new	827
water_moderate_028_new	828
water_moderate_029_new	829
water_moderate_030_new	830
water_moderate_031_new	831
water_moderate_032_new	832
water_moderate_033_new	833
water_moderate_034_new	834
water_moderate_035_new	835
water_moderate_036_new	836
water_moderate_037_new	837
water_moderate_038_new	838
water_moderate_039_new	839
water_moderate_040_new	840
water_moderate_041_new	841
water_moderate_042_new	842
water_moderate_043_new	843
water_moderate_044_new	844
water_moderate_045_new	845
water_moderate_046_new	846
water_moderate_047_new	847
water_moderate_048_new	848
water_moderate_049_new	849
water_moderate_050_new	850
water_object_001_new	851
water_object_002_new	852
water_object_003_new	853
water_object_004_new	854
water_object_005_new	855
water_object_006_new	856
water_object_007_new	857
water_object_008_new	858
water_object_009_new	859
water_object_010_new	860
water_object_011_new	861
water_object_012_new	862
water_object_013_new	863
water_object_014_new	864
water_object_015_new	865
water_object_016_new	866
water_object_017_new	867
water_object_018_new	868
water_object_019_new	869
water_object_020_new	870
water_object_021_new	871
water_object_022_new	872
water_object_023_new	873
water_object_024_new	874
water_object_025_new	875
water_object_026_new	876
water_object_027_new	877
water_object_028_new	878
water_object_029_new	879
water_object_030_new	880
water_object_031_new	881
water_object_032_new	882
water_object_033_new	883
water_object_034_new	884
water_object_035_new	885
water_object_036_new	886
water_object_037_new	887
water_object_038_new	888
water_object_039_new	889
water_object_040_new	890
water_object_041_new	891
water_object_042_new	892
water_object_043_new	893
water_object_044_new	894
water_object_045_new	895
water_object_046_new	896
water_object_047_new	897
water_object_048_new	898
water_object_049_new	899
water_object_050_new	900
wood_moderate_001_new	901
wood_moderate_002_new	902
wood_moderate_003_new	903
wood_moderate_004_new	904
wood_moderate_005_new	905
wood_moderate_006_new	906
wood_moderate_007_new	907
wood_moderate_008_new	908
wood_moderate_009_new	909
wood_moderate_010_new	910
wood_moderate_011_new	911
wood_moderate_012_new	912
wood_moderate_013_new	913
wood_moderate_014_new	914
wood_moderate_015_new	915
wood_moderate_016_new	916
wood_moderate_017_new	917
wood_moderate_018_new	918
wood_moderate_019_new	919
wood_moderate_020_new	920
wood_moderate_021_new	921
wood_moderate_022_new	922
wood_moderate_023_new	923
wood_moderate_024_new	924
wood_moderate_025_new	925
wood_moderate_026_new	926
wood_moderate_027_new	927
wood_moderate_028_new	928
wood_moderate_029_new	929
wood_moderate_030_new	930
wood_moderate_031_new	931
wood_moderate_032_new	932
wood_moderate_033_new	933
wood_moderate_034_new	934
wood_moderate_035_new	935
wood_moderate_036_new	936
wood_moderate_037_new	937
wood_moderate_038_new	938
wood_moderate_039_new	939
wood_moderate_040_new	940
wood_moderate_041_new	941
wood_moderate_042_new	942
wood_moderate_043_new	943
wood_moderate_044_new	944
wood_moderate_045_new	945
wood_moderate_046_new	946
wood_moderate_047_new	947
wood_moderate_048_new	948
wood_moderate_049_new	949
wood_moderate_050_new	950
wood_object_001_new	951
wood_object_002_new	952
wood_object_003_new	953
wood_object_004_new	954
wood_object_005_new	955
wood_object_006_new	956
wood_object_007_new	957
wood_object_008_new	958
wood_object_009_new	959
wood_object_010_new	960
wood_object_011_new	961
wood_object_012_new	962
wood_object_013_new	963
wood_object_014_new	964
wood_object_015_new	965
wood_object_016_new	966
wood_object_017_new	967
wood_object_018_new	968
wood_object_019_new	969
wood_object_020_new	970
wood_object_021_new	971
wood_object_022_new	972
wood_object_023_new	973
wood_object_024_new	974
wood_object_025_new	975
wood_object_026_new	976
wood_object_027_new	977
wood_object_028_new	978
wood_object_029_new	979
wood_object_030_new	980
wood_object_031_new	981
wood_object_032_new	982
wood_object_033_new	983
wood_object_034_new	984
wood_object_035_new	985
wood_object_036_new	986
wood_object_037_new	987
wood_object_038_new	988
wood_object_039_new	989
wood_object_040_new	990
wood_object_041_new	991
wood_object_042_new	992
wood_object_043_new	993
wood_object_044_new	994
wood_object_045_new	995
wood_object_046_new	996
wood_object_047_new	997
wood_object_048_new	998
wood_object_049_new	999
wood_object_050_new	1000
